Career Pathway,Code,Occupation
Banking and Related Services,43-3011.00,Bill and Account Collectors
Banking and Related Services,13-2041.00,Credit Analysts
Banking and Related Services,43-4041.01,Credit Authorizers
Banking and Related Services,43-4041.00,"Credit Authorizers, Checkers, and Clerks"
Banking and Related Services,43-4041.02,Credit Checkers
Banking and Related Services,13-2071.01,Loan Counselors
Banking and Related Services,43-4131.00,Loan Interviewers and Clerks
Banking and Related Services,13-2072.00,Loan Officers
Banking and Related Services,43-4141.00,New Accounts Clerks
Banking and Related Services,43-3071.00,Tellers
Banking and Related Services,23-2093.00,"Title Examiners, Abstractors, and Searchers"
Business Financial Management,13-2051.00,Financial Analysts
Business Financial Management,13-2099.01,Financial Quantitative Analysts
Business Financial Management,13-2099.04,"Fraud Examiners, Investigators and Analysts"
Financial and Investment Planning,43-4011.00,Brokerage Clerks
Financial and Investment Planning,13-2031.00,Budget Analysts
Financial and Investment Planning,25-1011.00,"Business Teachers, Postsecondary"
Financial and Investment Planning,13-2041.00,Credit Analysts
Financial and Investment Planning,41-3099.01,Energy Brokers
Financial and Investment Planning,13-2051.00,Financial Analysts
Financial and Investment Planning,11-3031.00,Financial Managers
Financial and Investment Planning,11-3031.02,"Financial Managers, Branch or Department"
Financial and Investment Planning,13-2099.00,"Financial Specialists, All Other"
Financial and Investment Planning,11-9199.03,Investment Fund Managers
Financial and Investment Planning,13-2099.03,Investment Underwriters
Financial and Investment Planning,13-2071.01,Loan Counselors
Financial and Investment Planning,13-2072.00,Loan Officers
Financial and Investment Planning,13-2052.00,Personal Financial Advisors
Financial and Investment Planning,13-2099.02,Risk Management Specialists
Financial and Investment Planning,41-3031.02,"Sales Agents, Financial Services"
Financial and Investment Planning,41-3031.01,"Sales Agents, Securities and Commodities"
Financial and Investment Planning,41-3031.03,Securities and Commodities Traders
Financial and Investment Planning,41-3031.00,"Securities, Commodities, and Financial Services Sales Agents"
Financial and Investment Planning,13-2082.00,Tax Preparers
Financial and Investment Planning,11-3031.01,Treasurers and Controllers
Insurance Services,15-2011.00,Actuaries
Insurance Services,25-1011.00,"Business Teachers, Postsecondary"
Insurance Services,13-1031.00,"Claims Adjusters, Examiners, and Investigators"
Insurance Services,13-1031.01,"Claims Examiners, Property and Casualty Insurance"
Insurance Services,13-1031.02,"Insurance Adjusters, Examiners, and Investigators"
Insurance Services,13-1032.00,"Insurance Appraisers, Auto Damage"
Insurance Services,43-9041.00,Insurance Claims and Policy Processing Clerks
Insurance Services,43-9041.01,Insurance Claims Clerks
Insurance Services,43-9041.02,Insurance Policy Processing Clerks
Insurance Services,41-3021.00,Insurance Sales Agents
Insurance Services,13-2053.00,Insurance Underwriters
Insurance Services,43-9071.00,"Office Machine Operators, Except Computer"
Insurance Services,43-9081.00,Proofreaders and Copy Markers
Insurance Services,41-4012.00,"Sales Representatives, Wholesale and Manufacturing, Except Technical and Scientific Products"
Insurance Services,41-9041.00,Telemarketers
