Career Pathway,Code,Occupation
Engineering and Technology,17-2011.00,Aerospace Engineers
Engineering and Technology,17-2021.00,Agricultural Engineers
Engineering and Technology,17-3011.00,Architectural and Civil Drafters
Engineering and Technology,11-9041.00,Architectural and Engineering Managers
Engineering and Technology,17-3011.01,Architectural Drafters
Engineering and Technology,25-1031.00,"Architecture Teachers, Postsecondary"
Engineering and Technology,17-3027.01,Automotive Engineering Technicians
Engineering and Technology,17-2141.02,Automotive Engineers
Engineering and Technology,17-2199.01,Biochemical Engineers
Engineering and Technology,17-2031.00,Biomedical Engineers
Engineering and Technology,17-2041.00,Chemical Engineers
Engineering and Technology,17-3011.02,Civil Drafters
Engineering and Technology,17-2051.00,Civil Engineers
Engineering and Technology,17-2061.00,Computer Hardware Engineers
Engineering and Technology,13-1051.00,Cost Estimators
Engineering and Technology,17-3019.00,"Drafters, All Other"
Engineering and Technology,25-9099.00,"Education, Training, and Library Workers, All Other"
Engineering and Technology,17-3023.00,Electrical and Electronic Engineering Technicians
Engineering and Technology,17-3012.00,Electrical and Electronics Drafters
Engineering and Technology,17-3012.02,Electrical Drafters
Engineering and Technology,17-3023.03,Electrical Engineering Technicians
Engineering and Technology,17-3029.02,Electrical Engineering Technologists
Engineering and Technology,17-2071.00,Electrical Engineers
Engineering and Technology,17-3024.00,Electro-Mechanical Technicians
Engineering and Technology,17-3029.03,Electromechanical Engineering Technologists
Engineering and Technology,17-3012.01,Electronic Drafters
Engineering and Technology,17-3023.01,Electronics Engineering Technicians
Engineering and Technology,17-3029.04,Electronics Engineering Technologists
Engineering and Technology,17-2072.00,"Electronics Engineers, Except Computer"
Engineering and Technology,17-2199.03,Energy Engineers
Engineering and Technology,25-1032.00,"Engineering Teachers, Postsecondary"
Engineering and Technology,17-3029.00,"Engineering Technicians, Except Drafters, All Other"
Engineering and Technology,17-2199.00,"Engineers, All Other"
Engineering and Technology,17-2081.00,Environmental Engineers
Engineering and Technology,17-2111.02,Fire-Prevention and Protection Engineers
Engineering and Technology,17-2141.01,Fuel Cell Engineers
Engineering and Technology,17-3029.10,Fuel Cell Technicians
Engineering and Technology,17-2111.00,"Health and Safety Engineers, Except Mining Safety Engineers and Inspectors"
Engineering and Technology,17-2112.01,Human Factors Engineers and Ergonomists
Engineering and Technology,17-3026.00,Industrial Engineering Technicians
Engineering and Technology,17-3029.05,Industrial Engineering Technologists
Engineering and Technology,17-2112.00,Industrial Engineers
Engineering and Technology,17-2111.01,Industrial Safety and Health Engineers
Engineering and Technology,13-1081.01,Logistics Engineers
Engineering and Technology,17-3029.06,Manufacturing Engineering Technologists
Engineering and Technology,17-2199.04,Manufacturing Engineers
Engineering and Technology,17-3031.02,Mapping Technicians
Engineering and Technology,17-2121.02,Marine Architects
Engineering and Technology,17-2121.01,Marine Engineers
Engineering and Technology,17-2121.00,Marine Engineers and Naval Architects
Engineering and Technology,17-2131.00,Materials Engineers
Engineering and Technology,17-3029.07,Mechanical Engineering Technologists
Engineering and Technology,17-2141.00,Mechanical Engineers
Engineering and Technology,17-2199.05,Mechatronics Engineers
Engineering and Technology,17-2199.06,Microsystems Engineers
Engineering and Technology,17-2151.00,"Mining and Geological Engineers, Including Mining Safety Engineers"
Engineering and Technology,17-2199.09,Nanosystems Engineers
Engineering and Technology,17-3029.12,Nanotechnology Engineering Technicians
Engineering and Technology,17-3029.11,Nanotechnology Engineering Technologists
Engineering and Technology,17-2161.00,Nuclear Engineers
Engineering and Technology,19-4051.01,Nuclear Equipment Operation Technicians
Engineering and Technology,19-4051.02,Nuclear Monitoring Technicians
Engineering and Technology,19-4051.00,Nuclear Technicians
Engineering and Technology,17-2171.00,Petroleum Engineers
Engineering and Technology,17-2199.07,Photonics Engineers
Engineering and Technology,17-2111.03,Product Safety Engineers
Engineering and Technology,11-3051.01,Quality Control Systems Managers
Engineering and Technology,17-2199.08,Robotics Engineers
Engineering and Technology,17-2199.11,Solar Energy Systems Engineers
Engineering and Technology,17-3031.00,Surveying and Mapping Technicians
Engineering and Technology,17-3031.01,Surveying Technicians
Engineering and Technology,27-3042.00,Technical Writers
Engineering and Technology,17-2051.01,Transportation Engineers
Engineering and Technology,17-2199.02,Validation Engineers
Engineering and Technology,17-2081.01,Water/Wastewater Engineers
Engineering and Technology,17-2199.10,Wind Energy Engineers
Science and Math,19-4011.00,Agricultural and Food Science Technicians
Science and Math,19-4011.01,Agricultural Technicians
Science and Math,19-3091.01,Anthropologists
Science and Math,19-3091.00,Anthropologists and Archeologists
Science and Math,25-1061.00,"Anthropology and Archeology Teachers, Postsecondary"
Science and Math,19-3091.02,Archeologists
Science and Math,11-9041.00,Architectural and Engineering Managers
Science and Math,25-4011.00,Archivists
Science and Math,25-1062.00,"Area, Ethnic, and Cultural Studies Teachers, Postsecondary"
Science and Math,19-2011.00,Astronomers
Science and Math,19-2021.00,Atmospheric and Space Scientists
Science and Math,25-1051.00,"Atmospheric, Earth, Marine, and Space Sciences Teachers, Postsecondary"
Science and Math,19-1021.00,Biochemists and Biophysicists
Science and Math,11-9041.01,Biofuels/Biodiesel Technology and Product Development Managers
Science and Math,19-1029.01,Bioinformatics Scientists
Science and Math,43-9111.01,Bioinformatics Technicians
Science and Math,25-1042.00,"Biological Science Teachers, Postsecondary"
Science and Math,19-1029.00,"Biological Scientists, All Other"
Science and Math,19-4021.00,Biological Technicians
Science and Math,15-2041.01,Biostatisticians
Science and Math,17-1021.00,Cartographers and Photogrammetrists
Science and Math,19-4031.00,Chemical Technicians
Science and Math,25-1052.00,"Chemistry Teachers, Postsecondary"
Science and Math,19-2031.00,Chemists
Science and Math,21-1099.00,"Community and Social Service Specialists, All Other"
Science and Math,15-1111.00,Computer and Information Research Scientists
Science and Math,15-1199.00,"Computer Occupations, All Other"
Science and Math,15-1131.00,Computer Programmers
Science and Math,15-1151.00,Computer User Support Specialists
Science and Math,19-1031.00,Conservation Scientists
Science and Math,25-4012.00,Curators
Science and Math,29-2051.00,Dietetic Technicians
Science and Math,29-1031.00,Dietitians and Nutritionists
Science and Math,25-1063.00,"Economics Teachers, Postsecondary"
Science and Math,19-3011.00,Economists
Science and Math,25-9099.00,"Education, Training, and Library Workers, All Other"
Science and Math,25-1032.00,"Engineering Teachers, Postsecondary"
Science and Math,19-3011.01,Environmental Economists
Science and Math,19-2041.02,Environmental Restoration Planners
Science and Math,19-2041.00,"Environmental Scientists and Specialists, Including Health"
Science and Math,19-1041.00,Epidemiologists
Science and Math,29-1062.00,Family and General Practitioners
Science and Math,19-4011.02,Food Science Technicians
Science and Math,19-1029.03,Geneticists
Science and Math,17-1022.01,Geodetic Surveyors
Science and Math,19-3092.00,Geographers
Science and Math,15-1199.05,Geographic Information Systems Technicians
Science and Math,25-1064.00,"Geography Teachers, Postsecondary"
Science and Math,19-2042.00,"Geoscientists, Except Hydrologists and Geographers"
Science and Math,15-1199.04,Geospatial Information Scientists and Technologists
Science and Math,25-1071.00,"Health Specialties Teachers, Postsecondary"
Science and Math,19-3093.00,Historians
Science and Math,25-1125.00,"History Teachers, Postsecondary"
Science and Math,19-2043.00,Hydrologists
Science and Math,19-2041.03,Industrial Ecologists
Science and Math,19-1099.00,"Life Scientists, All Other"
Science and Math,19-4099.00,"Life, Physical, and Social Science Technicians, All Other"
Science and Math,13-1161.00,Market Research Analysts and Marketing Specialists
Science and Math,19-2032.00,Materials Scientists
Science and Math,15-2099.00,"Mathematical Science Occupations, All Other"
Science and Math,25-1022.00,"Mathematical Science Teachers, Postsecondary"
Science and Math,15-2091.00,Mathematical Technicians
Science and Math,15-2021.00,Mathematicians
Science and Math,19-1042.00,"Medical Scientists, Except Epidemiologists"
Science and Math,19-1022.00,Microbiologists
Science and Math,19-1029.02,Molecular and Cellular Biologists
Science and Math,25-4013.00,Museum Technicians and Conservators
Science and Math,11-9121.00,Natural Sciences Managers
Science and Math,17-3029.01,Non-Destructive Testing Specialists
Science and Math,19-4051.01,Nuclear Equipment Operation Technicians
Science and Math,19-4051.02,Nuclear Monitoring Technicians
Science and Math,19-4051.00,Nuclear Technicians
Science and Math,19-1031.03,Park Naturalists
Science and Math,25-1126.00,"Philosophy and Religion Teachers, Postsecondary"
Science and Math,19-2099.00,"Physical Scientists, All Other"
Science and Math,19-2012.00,Physicists
Science and Math,25-1054.00,"Physics Teachers, Postsecondary"
Science and Math,25-1065.00,"Political Science Teachers, Postsecondary"
Science and Math,19-3094.00,Political Scientists
Science and Math,19-3039.00,"Psychologists, All Other"
Science and Math,19-4099.01,Quality Control Analysts
Science and Math,17-2072.01,Radio Frequency Identification Device Specialists
Science and Math,19-2099.01,Remote Sensing Scientists and Technologists
Science and Math,19-4099.03,Remote Sensing Technicians
Science and Math,19-4061.00,Social Science Research Assistants
Science and Math,25-1069.00,"Social Sciences Teachers, Postsecondary, All Other"
Science and Math,19-3099.00,"Social Scientists and Related Workers, All Other"
Science and Math,19-3041.00,Sociologists
Science and Math,15-1132.00,"Software Developers, Applications"
Science and Math,15-2041.00,Statisticians
Science and Math,19-3022.00,Survey Researchers
Science and Math,25-1194.00,"Vocational Education Teachers, Postsecondary"
Science and Math,11-9121.02,Water Resource Specialists
Science and Math,19-1023.00,Zoologists and Wildlife Biologists
